<?xml version="1.0"?>
<config xmlns:xsi="http://www.w3.org/2001/XMLSchema-instance" xsi:noNamespaceSchemaLocation="urn:magento:framework:ObjectManager/etc/config.xsd">
    <virtualType name="Litmus7\Merc\Model\ResourceModel\Keys\Collection" type="Magento\Framework\View\Element\UiComponent\DataProvider\SearchResult">
        <arguments>
            <argument name="mainTable" xsi:type="string">litmus7_redis_keys</argument>
            <argument name="resourceModel" xsi:type="string">Litmus7\Merc\Model\ResourceModel\Keys</argument>
        </arguments>
    </virtualType>
    <type name="Magento\Framework\View\Element\UiComponent\DataProvider\CollectionFactory">
        <arguments>
            <argument name="collections" xsi:type="array">
                <item name="merc_keys_grid_data_source" xsi:type="string">Litmus7\Merc\Model\ResourceModel\Keys\Collection</item>
            </argument>
        </arguments>
    </type>
	<preference for="Magento\Catalog\Block\Adminhtml\Product\Edit" type="Litmus7\Merc\Block\Adminhtml\Product\ProductEdit" /> 
</config>